Region code,Region name ,Local authority code,Local authority name,2002,2003,2004,2005,2006,2007,2008,2009,2010,2011,2012,2013,2014,2015,2016,2017,2018,2019,2020,2021,2022
E12000001,North East,E06000001,Hartlepool,18535,18192,19536,20986,20797,21613,23392,25095,23663,24286,25757,24198,24957,26208,25970,25525,26929,26523,28653,27714,31553
E12000001,North East,E06000002,Middlesbrough,16807,17345,17357,18418,19157,20006,21831,21264,21260,20572,22724,21708,22742,24565,24966,24141,25434,26044,26645,26337,28958
E12000001,North East,E06000003,Redcar and Cleveland,19781,17688,19929,21391,20324,22268,21017,23111,21529,23607,22154,24344,24976,25023,24403,25390,24973,25836,26675,24811,28924
E12000001,North East,E06000004,Stockton-on-Tees,19493,19866,22007,23066,22423,23569,24315,25072,24472,25240,24677,26595,26154,26607,27752,26538,26889,29477,29450,28434,31797
E12000001,North East,E06000005,Darlington,17265,17479,18564,18670,19183,22185,20933,21965,22944,23261,23206,22461,26231,25299,27514,27797,26445,27703,27039,30435,29312
E12000001,North East,E06000047,County Durham,:,18063,18827,19719,19891,21043,21490,21791,22728,22817,23828,24068,24676,24746,25011,25667,26331,27557,28239,28137,30190
E12000001,North East,E06000057,Northumberland,:,19201,20326,20992,21657,21628,22551,23974,25173,25064,24490,25088,24892,25114,26454,27113,27460,27430,28472,29061,30799
E12000001,North East,E08000021,Newcastle upon Tyne,19045,19610,20453,21010,21403,21109,22255,22562,22289,22030,23331,24287,25343,26425,26577,26691,26928,28024,29050,30297,30969
E12000001,North East,E08000022,North Tyneside,17389,17915,19670,20057,20255,20529,22030,23781,24061,24017,23887,24185,24480,25757,26092,27855,28726,29525,29523,29027,31869
E12000001,North East,E08000023,South Tyneside,18866,19880,18541,19318,20370,20557,21664,23479,23242,22760,23231,23792,23925,24471,23744,25301,24979,25930,26529,27445,29455
E12000001,North East,E08000024,Sunderland,16779,17181,17940,19089,19626,20541,20783,21555,22350,22321,22642,23708,24165,24655,25171,24914,25649,25456,26626,24948,27549
E12000001,North East,E08000037,Gateshead,17827,17405,18474,20054,18963,19986,20933,22158,23091,23000,24458,24594,25078,24974,25049,25802,25985,26504,26476,26996,29561
E12000002,North West,E06000006,Halton,18908,19032,20433,20011,19740,21946,22462,22140,22849,22781,23776,24998,25207,24974,25250,26143,27592,27690,30405,28810,32103
E12000002,North West,E06000007,Warrington,19787,21617,22157,23345,25794,24463,26778,26324,26506,26159,26617,25905,26203,28207,27856,28168,30776,30877,30245,31428,32448
E12000002,North West,E06000008,Blackburn with Darwen,18037,18626,20349,20867,21010,21752,20823,23097,22941,20974,21753,22091,23283,21519,22768,23183,23449,25121,24554,25907,27434
E12000002,North West,E06000009,Blackpool,15669,17240,17121,18134,18261,19461,19003,19384,18597,19254,19294,19943,19695,21010,21429,23055,22943,24795,24526,22666,24571
E12000002,North West,E06000049,Cheshire East,:,23463,24298,26711,25554,25653,26377,27248,26006,26441,27072,27349,28294,27845,28754,28682,29881,31960,32601,31568,34569
E12000002,North West,E06000050,Cheshire West and Chester,:,22948,24441,24782,24129,25652,26252,27788,28603,26114,26981,28000,28000,28561,28819,29478,29756,30970,31389,32461,33661
E12000002,North West,E07000026,Allerdale,21322,20577,20176,23102,23825,23411,23817,24565,27060,22999,23749,26326,27811,26327,29315,29363,29730,30474,33339,35391,33849
E12000002,North West,E07000027,Barrow-in-Furness,18025,18825,19549,20454,22218,22731,24566,24545,26136,25402,25296,27627,30475,25977,25885,30025,33580,31929,35230,34546,30513
E12000002,North West,E07000028,Carlisle,18347,18560,19412,20941,21449,21783,22663,21100,22451,21997,22660,22646,22268,22988,23342,23192,24174,26437,29140,26525,29616
E12000002,North West,E07000029,Copeland,26200,25595,28246,28177,28775,32534,33394,32501,34278,32026,34600,38368,39061,40006,38620,43252,44281,33132,45067,43509,36224
E12000002,North West,E07000030,Eden,17521,19008,16838,19309,19843,20980,22915,19123,19180,21571,21408,25672,22815,23752,24257,24413,24506,29095,30683,31677,29174
E12000002,North West,E07000031,South Lakeland,19439,19759,22409,22358,22244,23130,23884,25420,25107,23798,24709,26245,26395,26104,29611,27983,29404,28582,29411,30303,32792
E12000002,North West,E07000117,Burnley,18280,19450,18708,20748,21017,19683,22096,20758,21204,21484,22628,23725,22041,22473,24142,23659,24795,28050,25334,27115,28156
E12000002,North West,E07000118,Chorley,19974,20671,20273,22025,21887,22595,23518,24417,24154,24591,25723,23881,24745,25821,27486,27463,30169,31094,31157,33954,32453
E12000002,North West,E07000119,Fylde,22062,24216,24512,25558,23705,26370,28859,28205,29066,29654,27677,29351,30996,24926,26983,30498,31837,31545,33449,30518,31994
E12000002,North West,E07000120,Hyndburn,15937,16260,15940,17933,17564,17931,18810,20751,21659,22767,20726,21074,22040,22421,23549,25069,22627,24912,24850,26891,27226
E12000002,North West,E07000121,Lancaster,20431,20804,21225,22103,22466,24721,25342,25231,25487,26165,24020,28672,27752,26374,27915,27612,26995,28193,29308,30971,30721
E12000002,North West,E07000122,Pendle,16528,17012,17221,18770,19747,19787,21812,21342,21703,22544,21866,22582,24630,24845,24132,25344,27289,27038,25559,23352,25828
E12000002,North West,E07000123,Preston,19414,20323,19801,21088,19240,21291,22382,24298,22731,22309,22910,22131,22925,23218,24680,24176,25880,26057,26887,27443,28897
E12000002,North West,E07000124,Ribble Valley,21722,21064,24016,24860,22580,24797,25742,24644,24013,26240,25760,26861,28817,27659,28215,27955,30783,32491,33963,33134,34627
E12000002,North West,E07000125,Rossendale,16487,18522,20604,20367,22323,21147,23812,23290,22191,24428,24550,22624,23028,24293,24041,23379,25000,26093,27643,29009,29181
E12000002,North West,E07000126,South Ribble,20832,20342,21283,22107,22815,23784,25965,24803,25206,24877,25087,25797,26204,25730,26884,26750,27733,28014,29086,28260,30899
E12000002,North West,E07000127,West Lancashire,20664,21150,22093,22732,23583,24700,24495,23933,25474,25446,25318,25918,25048,26104,27798,28445,29902,28396,29616,28422,30424
E12000002,North West,E07000128,Wyre,18913,20727,22382,22845,22699,19834,22513,21615,22250,22846,27098,25824,24594,27266,24620,25327,25191,26497,27240,29348,31451
E12000002,North West,E08000001,Bolton,18610,18486,19539,20479,19996,22160,22472,23197,22301,22881,22664,23411,22805,23783,24815,24364,25007,26554,27066,27020,28244
E12000002,North West,E08000002,Bury,20708,21511,22393,23308,23004,24275,26182,25829,26435,25996,25844,25839,26405,27418,28069,27652,29347,29650,32267,31228,32292
E12000002,North West,E08000003,Manchester,17853,18923,19794,20667,20747,22538,22800,23092,22964,22554,24252,24698,24582,24872,24185,25000,26199,26629,28143,27500,29080
E12000002,North West,E08000004,Oldham,17275,18307,19705,19333,20253,21093,21602,21476,21442,22120,22050,22080,22936,22858,24051,24907,25003,25375,26062,27596,27167
E12000002,North West,E08000005,Rochdale,18262,19128,20075,20794,20800,22001,23514,23821,23589,23349,24190,23882,23528,23910,24421,24603,24904,26291,27305,25634,27869
E12000002,North West,E08000006,Salford,18407,18901,19950,20755,21677,21962,22901,23061,23325,22639,23916,23928,23885,24327,25288,26097,26173,26944,29507,27976,31102
E12000002,North West,E08000007,Stockport,20249,20447,22005,22509,23523,25959,24303,25986,25946,25933,26734,28014,28299,27500,28171,29048,31027,32246,34021,30470,34610
E12000002,North West,E08000008,Tameside,18503,18597,19138,20535,20078,20685,22374,22812,22054,21489,23373,22534,22108,23483,23419,24289,24401,25770,25825,27682,29129
E12000002,North West,E08000009,Trafford,21733,21950,24144,25361,25509,27857,28031,27573,28014,28586,30062,30751,29996,30894,34069,32047,34004,33791,35065,34906,37889
E12000002,North West,E08000010,Wigan,18655,19273,19982,20871,21041,22177,22973,23148,23996,24038,23795,25698,25309,26189,27094,26957,27031,26999,29366,30904,29553
E12000002,North West,E08000011,Knowsley,16376,17804,18381,19167,19304,21506,21098,22557,23669,23621,23275,23316,23612,24044,25135,26235,26880,25849,28502,29710,30901
E12000002,North West,E08000012,Liverpool,17593,18116,19230,20455,21117,21961,22935,23249,24030,23704,23949,24844,25813,25682,25953,26017,26706,28800,30850,30059,30590
E12000002,North West,E08000013,St. Helens,17489,18674,19661,20336,21021,21025,23204,23397,24610,25544,24959,24758,24686,26255,26008,25352,26224,28796,28435,29372,32885
E12000002,North West,E08000014,Sefton,19277,19596,20934,22531,21675,23127,24039,23225,23776,23760,25166,25328,25184,24569,25517,26801,28330,28015,29543,30309,31031
E12000002,North West,E08000015,Wirral,19857,20490,22057,23607,23090,23128,23612,24916,26073,25578,25730,26712,27545,28106,28183,27561,27708,29463,28997,29503,32013
E12000003,Yorkshire and The Humber,E06000010,"Kingston upon Hull, City of",16789,17344,17642,19280,19371,20169,21472,20236,21065,21171,22235,22789,22112,22691,23580,23127,23689,25461,24820,26248,26409
E12000003,Yorkshire and The Humber,E06000011,East Riding of Yorkshire,20313,21051,22439,23956,24868,26839,27407,27798,27485,26706,26474,26701,27535,26309,26989,27500,28753,30446,31667,30342,32577
E12000003,Yorkshire and The Humber,E06000012,North East Lincolnshire,18145,19095,19244,20087,20209,20651,21877,23453,22493,23213,24804,24364,23916,23798,26400,23432,25582,27457,28583,28056,29241
E12000003,Yorkshire and The Humber,E06000013,North Lincolnshire,21639,21665,21892,25620,24780,25195,24936,24681,25517,26255,26327,27365,27535,28427,28091,27246,28464,28468,29204,29352,29803
E12000003,Yorkshire and The Humber,E06000014,York,20272,21146,22489,24077,23218,25184,25531,25951,24637,25437,26428,27555,26125,25622,26096,25956,26688,28555,30054,31007,32533
E12000003,Yorkshire and The Humber,E07000163,Craven,19229,21258,23111,22041,21994,21991,28157,25460,25299,23881,23721,23251,24021,23615,22991,24393,25028,25434,26188,26839,29571
E12000003,Yorkshire and The Humber,E07000164,Hambleton,18495,19184,19728,21829,22674,22533,23260,24591,23913,24514,25590,25275,24508,24962,27784,26578,28404,28205,30579,28486,31465
E12000003,Yorkshire and The Humber,E07000165,Harrogate,19742,20395,23309,24324,22860,24636,24504,26905,26168,26008,24639,26587,26903,27059,29109,30000,31123,33259,32670,32846,33153
E12000003,Yorkshire and The Humber,E07000166,Richmondshire,18684,16742,20054,21177,20294,23073,21822,22244,22245,24982,26712,25650,24842,26656,29372,25188,27392,31087,25027,26827,31979
E12000003,Yorkshire and The Humber,E07000167,Ryedale,15810,16323,16672,17247,18159,18539,20558,22446,20711,19958,19933,21556,22534,22663,23173,22951,24650,26298,26326,26059,26923
E12000003,Yorkshire and The Humber,E07000168,Scarborough,17319,18393,18919,20194,19156,20876,21518,22467,22707,23268,24040,23746,24564,26529,24797,25880,25390,25845,27263,28195,28182
E12000003,Yorkshire and The Humber,E07000169,Selby,20858,20440,21523,22415,24575,24440,24854,26741,27539,27123,26528,26892,27929,27983,28898,29588,31303,32195,34106,33010,32475
E12000003,Yorkshire and The Humber,E08000016,Barnsley,17831,18550,19517,20565,21042,20906,22736,24964,23989,23856,23698,24313,24779,25590,24313,25107,25370,26466,27181,27743,28353
E12000003,Yorkshire and The Humber,E08000017,Doncaster,18079,18827,19508,20079,21276,21617,23210,23105,23465,23706,23948,24287,25210,23943,24616,24897,26980,27388,29008,28733,30457
E12000003,Yorkshire and The Humber,E08000018,Rotherham,19635,19448,20088,21021,21273,22275,22213,23055,23382,23783,23654,24810,23420,25005,24839,25803,25959,26317,28404,26601,28882
E12000003,Yorkshire and The Humber,E08000019,Sheffield,18975,19513,20764,21668,22261,22380,23835,24163,24526,24227,24469,24620,24713,25285,26069,26897,27665,28438,28360,30557,31302
E12000003,Yorkshire and The Humber,E08000032,Bradford,17950,17998,18829,19414,19766,20094,20569,21617,22247,21675,22195,23468,23242,23463,24189,24896,25137,26029,27974,28431,29617
E12000003,Yorkshire and The Humber,E08000033,Calderdale,18701,19947,20419,21121,21989,22674,24125,25986,23804,24327,24980,25279,25530,25448,27751,27089,28101,28514,28030,27682,30241
E12000003,Yorkshire and The Humber,E08000034,Kirklees,19401,20295,20420,22131,23087,23689,24457,23936,24161,24719,25285,25291,25294,24999,25599,26318,27176,27458,28851,27832,31230
E12000003,Yorkshire and The Humber,E08000035,Leeds,18923,20301,21097,22120,22322,22579,23688,24752,24607,24559,24480,26194,26141,26333,27815,27818,28042,28908,30249,30800,32381
E12000003,Yorkshire and The Humber,E08000036,Wakefield,18264,19183,20458,20497,21151,21815,23076,22995,22297,22014,22815,22907,22984,23561,24287,24933,26033,26632,26106,27984,28912
E12000004,East Midlands,E06000015,Derby,20786,21453,22081,23769,23350,21372,24793,26529,26413,26274,27211,26481,27442,28279,28376,28633,31954,30365,31465,30715,30827
E12000004,East Midlands,E06000016,Leicester,16186,17350,17720,18900,19130,20232,20091,20845,20932,21323,20777,21785,22135,21417,21996,21830,22189,23748,24711,25266,27661
E12000004,East Midlands,E06000017,Rutland,19332,23227,21095,21586,21998,23975,24977,26339,25061,25925,24336,24793,25416,28591,27953,28814,27880,30175,32489,32620,33202
E12000004,East Midlands,E06000018,Nottingham,17611,17873,19142,20403,21025,21793,20419,22681,22098,23000,22645,22308,22016,22580,23360,23493,23293,25078,25216,25050,27016
E12000004,East Midlands,E07000032,Amber Valley,19103,19766,20574,22899,22450,21961,24291,23965,24685,24719,25259,25349,25660,26694,27832,30031,29696,29602,33614,31389,30258
E12000004,East Midlands,E07000033,Bolsover,16327,17568,19632,19643,20969,23017,21816,23654,23548,21716,25786,23216,23757,22512,24659,23587,24912,25781,27576,26409,27485
E12000004,East Midlands,E07000034,Chesterfield,18957,20076,20279,22231,22105,21893,23413,23309,23879,24226,23890,24340,24163,25731,25775,25843,26008,26551,27590,26705,30502
E12000004,East Midlands,E07000035,Derbyshire Dales,24000,22506,23784,25453,23812,25822,28512,29333,29491,28501,28035,28369,28688,26804,31058,31356,30906,31887,35011,28284,33164
E12000004,East Midlands,E07000036,Erewash,19345,19378,21284,21692,22048,22968,24048,25457,23813,24368,26100,27475,26283,26232,26940,26863,27622,29222,29529,29980,32006
E12000004,East Midlands,E07000037,High Peak,21926,21682,22081,22771,23395,22424,24412,26110,25850,25949,26210,26713,26728,25497,25429,28654,28246,27581,29357,28680,29990
E12000004,East Midlands,E07000038,North East Derbyshire,18483,19703,19886,21401,22100,22727,23962,24382,25149,25725,24771,25706,25836,27012,27838,26523,28919,28442,28150,29309,30820
E12000004,East Midlands,E07000039,South Derbyshire,21038,21968,23566,23003,23046,23104,25945,24370,24519,24722,26381,27593,27415,26664,29290,30028,32974,32047,35269,32746,33404
E12000004,East Midlands,E07000129,Blaby,20203,21670,22884,24754,23184,23548,26078,28239,27531,27190,26636,27502,27656,27466,30372,30294,29618,30834,35234,29036,33098
E12000004,East Midlands,E07000130,Charnwood,19940,19750,20952,22696,24093,23507,25094,25338,25463,25404,25177,26991,27112,27584,28462,27279,29660,31622,30232,28691,31870
E12000004,East Midlands,E07000131,Harborough,23823,24669,23961,25403,24897,25574,27521,26996,28645,29942,30801,29352,30000,29997,33032,36117,35000,34701,36747,36307,34152
E12000004,East Midlands,E07000132,Hinckley and Bosworth,20006,20087,22192,23466,24167,22994,24270,26561,25176,25634,25510,25116,25221,25350,26085,27384,28713,29453,29174,30754,31770
E12000004,East Midlands,E07000133,Melton,18883,23018,23737,24732,23311,24985,24996,25450,24605,23530,23238,23440,24026,25212,25468,26815,27112,26209,27673,24128,33487
E12000004,East Midlands,E07000134,North West Leicestershire,19013,20567,21274,22069,22501,23169,25753,25707,24197,24758,25118,25344,25769,25518,25975,26638,29870,30092,30209,31354,35899
E12000004,East Midlands,E07000135,Oadby and Wigston,19604,19501,19786,21532,21844,20481,24235,25016,25548,26598,24474,23670,22784,21157,24000,26120,27031,27051,34204,26417,30043
E12000004,East Midlands,E07000136,Boston,17148,18058,17863,18272,18772,20875,20151,20364,20373,20444,20494,20915,20719,20376,21837,21089,21491,22459,24275,24591,25819
E12000004,East Midlands,E07000137,East Lindsey,16889,16882,17610,19032,19334,19764,20662,21960,21344,22227,23186,24336,24102,24111,25017,24468,25676,25659,26304,26015,28906
E12000004,East Midlands,E07000138,Lincoln,17975,17706,19046,19791,19898,20320,20735,22778,24393,22919,23000,24152,24149,22977,24465,23272,24908,26326,28777,25604,31011
E12000004,East Midlands,E07000139,North Kesteven,17536,17717,18453,19718,20681,20550,21824,23165,22882,21862,23846,24890,25840,26510,26089,27441,30667,28434,31089,31219,29197
E12000004,East Midlands,E07000140,South Holland,19703,20112,19550,20520,20778,20547,21708,23139,23994,23384,24410,24102,24407,23848,25292,24936,25781,26830,30182,30476,29962
E12000004,East Midlands,E07000141,South Kesteven,19609,20964,21289,22887,22745,23876,25029,24740,25482,26251,26607,27225,25896,24893,24935,26470,26482,28700,27416,28911,31914
E12000004,East Midlands,E07000142,West Lindsey,20490,21465,20890,20185,21417,21182,21954,23802,26155,24385,25290,26333,23416,25040,25486,27959,29330,29789,30286,31131,34052
E12000004,East Midlands,E06000061,North Northamptonshire,:,20189,21053,21365,22000,22359,22799,24120,24587,24936,25558,25666,25620,26370,26936,26972,27339,28003,29609,29575,31351
E12000004,East Midlands,E06000062,West Northamptonshire,:,23032,22990,24247,24374,25226,25901,26450,25858,26419,26672,28117,27245,27569,27785,28112,28885,30642,30299,30395,33340
E12000004,East Midlands,E07000170,Ashfield,17262,18054,19370,19436,20018,19595,20173,22235,21214,21020,21049,21690,23291,23923,24258,24664,25348,26074,26446,27359,29438
E12000004,East Midlands,E07000171,Bassetlaw,17955,19650,20733,21569,22144,23593,23885,25164,24340,23720,24107,24826,25450,25212,26444,26056,28436,28231,28975,26282,28482
E12000004,East Midlands,E07000172,Broxtowe,20363,21294,22040,22163,23211,23320,26310,26092,25935,24880,26818,27142,28266,29171,30678,29428,29195,31669,31847,32375,31272
E12000004,East Midlands,E07000173,Gedling,20395,20188,21133,23149,21659,24725,25014,25074,23541,25034,26256,26379,26022,26693,27746,27680,28628,29339,30042,30321,30095
E12000004,East Midlands,E07000174,Mansfield,17545,17998,18372,19532,20149,21166,22149,22234,22436,20519,21044,21155,21931,22995,22519,23374,23725,24348,25173,26441,27785
E12000004,East Midlands,E07000175,Newark and Sherwood,18969,19420,19403,21024,22903,21136,21787,23401,22697,22259,22951,22797,24098,24101,25125,24785,27562,26578,30703,30811,33057
E12000004,East Midlands,E07000176,Rushcliffe,25843,27098,27369,28480,28973,28689,31209,33560,32892,32558,32307,33330,32442,31969,35113,36520,34891,35545,35262,34474,35598
E12000005,West Midlands,E06000019,"Herefordshire, County of",17865,18538,19274,19613,19610,20889,21695,22002,20681,20561,21022,21241,22972,22601,25004,23328,25153,26235,28463,29243,29266
E12000005,West Midlands,E06000020,Telford and Wrekin,18301,18824,19781,20134,20277,22086,22787,22348,22382,22802,23039,23489,23505,25022,25472,24246,25923,27671,27902,28169,30815
E12000005,West Midlands,E06000021,Stoke-on-Trent,15920,16737,17502,18184,18948,19430,21061,21248,21246,21223,22048,22058,22231,22230,22786,23739,24865,25391,26995,26487,28005
E12000005,West Midlands,E06000051,Shropshire,:,19631,20964,21928,21823,23331,23891,24650,25424,25078,24775,27515,25346,25563,27264,27193,27633,29584,30105,29517,32954
E12000005,West Midlands,E07000192,Cannock Chase,18673,18446,19253,21479,23120,22499,24583,23054,23437,23926,22867,24565,24158,26601,26140,27851,26947,27986,27352,29368,29035
E12000005,West Midlands,E07000193,East Staffordshire,19160,19100,21726,21564,21729,21584,23041,23027,23340,23967,24148,25853,24892,25124,26765,26103,26360,26662,29485,28054,31373
E12000005,West Midlands,E07000194,Lichfield,21560,21832,23481,24386,24726,23726,25577,27985,28072,27653,29445,29997,29254,30988,31725,30369,31700,34038,36396,35042,36006
E12000005,West Midlands,E07000195,Newcastle-under-Lyme,16999,18865,19846,21146,20983,23610,24025,23272,23983,22394,22822,24734,24313,24640,25862,24907,26274,26619,29040,29584,29471
E12000005,West Midlands,E07000196,South Staffordshire,20737,21537,21689,24430,25049,24513,26489,25303,26217,26304,27079,27626,26404,28505,28811,30322,30942,32611,36519,32949,34121
E12000005,West Midlands,E07000197,Stafford,20533,19463,21287,21946,22784,23686,24986,24690,24839,25856,27429,28497,28109,28101,28793,28581,29323,30800,31066,31346,34272
E12000005,West Midlands,E07000198,Staffordshire Moorlands,20139,20801,19245,22714,23994,23792,25725,24474,25956,24917,26043,26276,27531,26948,26953,27525,27389,30738,29584,31295,32264
E12000005,West Midlands,E07000199,Tamworth,20277,22100,22408,23705,23208,23966,27182,26068,25677,25556,26519,24929,23526,23790,25616,25100,27503,27436,25604,27523,33481
E12000005,West Midlands,E07000218,North Warwickshire,18644,20047,20700,23234,22614,25500,25472,25552,24610,26548,26339,26133,25118,26329,29010,29884,29749,32968,31388,31145,33955
E12000005,West Midlands,E07000219,Nuneaton and Bedworth,18996,20220,20787,21763,23372,23888,24901,24223,24831,25150,25292,26335,25410,25336,25031,27541,26927,27771,28734,28853,29974
E12000005,West Midlands,E07000220,Rugby,21367,22665,22794,24732,24954,24972,26018,26835,27834,26937,29134,29691,29342,30593,28813,30708,32537,32029,32429,33386,35305
E12000005,West Midlands,E07000221,Stratford-on-Avon,23456,24830,26265,26409,27635,28161,29978,28472,26193,27935,27493,29968,28014,28509,31137,31649,31996,32773,33371,34610,36950
E12000005,West Midlands,E07000222,Warwick,22768,22348,25605,26541,25388,25748,27223,28653,26526,28619,28731,29024,28731,30188,31496,32926,33449,33762,35675,36238,36670
E12000005,West Midlands,E07000234,Bromsgrove,23280,25982,27401,26716,27900,27989,28977,30391,30237,29633,29423,32028,30829,31598,30984,33752,34328,34491,34047,34593,36811
E12000005,West Midlands,E07000235,Malvern Hills,21194,22002,23248,24297,25332,27929,30754,29550,25436,23339,23457,27920,23260,26077,26380,31469,26803,29146,29550,31566,31389
E12000005,West Midlands,E07000236,Redditch,18845,19383,20386,21482,20278,20468,20316,22482,23290,22164,22046,23034,21404,21189,22838,24529,24482,25894,26202,25723,26851
E12000005,West Midlands,E07000237,Worcester,20869,19939,20560,23062,24191,23617,24877,23839,25006,26034,25837,26535,27337,27247,26522,28578,28441,29011,27598,29987,33418
E12000005,West Midlands,E07000238,Wychavon,19491,20474,21176,21946,21825,22304,23264,25216,24298,26595,25349,25203,26405,27309,28019,28968,29998,30723,28601,28219,30057
E12000005,West Midlands,E07000239,Wyre Forest,18392,19060,18301,19772,19984,21929,21787,21394,21951,20442,21479,23100,22973,25647,25259,25060,26024,27233,30212,28700,31721
E12000005,West Midlands,E08000025,Birmingham,19742,19925,20772,21265,22208,22225,22846,23666,23868,24042,24036,24397,25014,25049,25994,26738,27853,27501,29341,28884,30744
E12000005,West Midlands,E08000026,Coventry,19040,20555,21436,22614,22505,21672,22753,23506,23311,24986,24825,26055,25090,26913,27969,28412,28746,28747,29589,30663,33887
E12000005,West Midlands,E08000027,Dudley,19091,18636,19191,20000,20850,21892,23057,21949,22265,23196,23950,24368,24882,25635,26845,27258,27275,29218,31091,29298,30417
E12000005,West Midlands,E08000028,Sandwell,17291,17947,18709,19574,19599,20339,21231,21768,22357,21882,22516,22363,21739,22991,23201,23832,24668,24878,25938,26615,27471
E12000005,West Midlands,E08000029,Solihull,22998,23462,24668,24708,26009,26724,27621,28382,28269,28815,29527,31131,30736,31988,32000,31906,33763,34150,34671,35515,37042
E12000005,West Midlands,E08000030,Walsall,17741,18003,18678,19634,20157,20503,22535,22053,22108,21652,22502,22348,22679,23938,24268,24081,24846,26334,27755,28444,28373
E12000005,West Midlands,E08000031,Wolverhampton,17936,18236,18565,19800,20010,21216,22574,21598,21409,21553,23192,23777,22796,23096,23085,24047,24964,25463,25609,27993,29855
E12000006,East of England,E06000031,Peterborough,19680,20407,20104,20314,20634,21244,22469,23196,23992,23788,24181,23921,24277,24028,24760,24245,25250,27235,27996,28644,30243
E12000006,East of England,E06000032,Luton,19572,22235,22529,22029,23158,22173,23803,24725,23997,24675,24505,25158,25514,26229,26735,28777,27934,29940,29472,28893,30419
E12000006,East of England,E06000033,Southend-on-Sea,21354,21569,23642,23990,23856,25367,25716,27307,27695,27487,27829,26658,28931,28395,29592,30099,31968,32252,33092,35646,33595
E12000006,East of England,E06000034,Thurrock,24854,24174,24589,24201,24345,25379,27693,28285,27999,27383,27775,28998,28688,30151,29643,29696,30248,31553,33574,35077,35814
E12000006,East of England,E06000055,Bedford,20809,20946,23524,23065,22860,25989,28031,26508,27654,26714,26976,28766,28042,28030,29564,30250,29741,31624,34562,31039,33924
E12000006,East of England,E06000056,Central Bedfordshire,:,25504,26844,27770,27895,28003,28386,30199,29174,28243,28859,30101,30074,30772,32266,31507,32266,34868,36229,35000,39532
E12000006,East of England,E07000008,Cambridge,22552,23556,26103,24826,26504,27127,29214,27935,30696,29434,29490,31109,31430,31345,31014,32247,32980,34275,34919,36868,38666
E12000006,East of England,E07000009,East Cambridgeshire,20724,21981,24337,22569,24561,25234,25181,27321,28193,28715,28009,27578,27419,29418,28252,30180,29474,32182,32743,32454,33279
E12000006,East of England,E07000010,Fenland,17606,19436,20652,21088,21157,22450,21518,22628,22675,23874,23837,24255,24459,24727,26454,26419,27708,27935,28678,27148,31262
E12000006,East of England,E07000011,Huntingdonshire,23674,24199,25646,24823,24800,25369,26256,28789,29019,29084,28522,28032,28816,29051,29445,30694,31760,31699,31140,30521,32395
E12000006,East of England,E07000012,South Cambridgeshire,20945,23219,24118,26719,27515,28939,31706,30835,32262,31353,32770,34307,33508,31567,35425,35432,37414,40052,38726,39441,39958
E12000006,East of England,E07000066,Basildon,24500,24146,24908,24037,25568,26030,26632,27976,28192,28395,29416,30449,30347,29217,30560,29839,31084,32748,32597,32749,33108
E12000006,East of England,E07000067,Braintree,21590,23433,23612,24300,24173,26047,26664,26797,27358,28114,30257,30657,31331,30722,31481,31793,32464,33681,33294,31900,36152
E12000006,East of England,E07000068,Brentwood,27897,29764,34628,33012,35367,34468,36229,35427,36104,37737,36027,39445,40565,39862,41929,41499,39691,41542,44005,34719,41594
E12000006,East of England,E07000069,Castle Point,21778,24127,24992,26887,26198,25967,28129,29775,24712,25636,27372,26141,29333,28697,28429,32700,31036,33472,33985,32392,35744
E12000006,East of England,E07000070,Chelmsford,24259,24868,26044,27374,27154,28448,28629,29055,29948,31198,32593,30212,30657,31815,31822,31767,30812,32562,35023,37221,35538
E12000006,East of England,E07000071,Colchester,23078,21918,23048,25372,25559,26754,26325,25282,26603,27089,27139,27164,28280,28515,29032,30923,30906,31091,32523,30974,34964
E12000006,East of England,E07000072,Epping Forest,23887,26687,28010,29888,29976,29962,27817,29171,30431,30677,33431,32495,34804,34104,35876,35106,35363,37466,36688,36543,37091
E12000006,East of England,E07000073,Harlow,20644,20813,20755,21305,22387,24886,23349,22131,25382,24453,24769,24807,25513,25447,26993,27271,27558,27704,27678,28139,29599
E12000006,East of England,E07000074,Maldon,25986,26888,29272,26089,27788,26480,27949,32863,33104,33128,34134,34516,31233,33390,35097,32823,31913,35068,37197,35261,36968
E12000006,East of England,E07000075,Rochford,25424,25514,28042,25999,28033,29932,29596,29110,27837,29793,29496,30602,29112,29971,34173,34496,37711,37410,34134,38791,37753
E12000006,East of England,E07000076,Tendring,18354,20411,19316,21246,21555,21619,24538,24166,24467,24575,25307,25481,25293,25427,25818,27554,27011,28786,28979,30053,31510
E12000006,East of England,E07000077,Uttlesford,28232,27807,29017,25433,28964,30000,29652,31743,31014,31159,29971,30403,31019,32183,35342,36704,34560,36002,36479,36096,39648
E12000006,East of England,E07000095,Broxbourne,22473,24964,25313,26871,26306,26886,27777,28126,28730,28861,29459,31172,30328,32000,32020,32285,33541,33300,37847,34609,38807
E12000006,East of England,E07000096,Dacorum,24977,26018,25724,27077,27615,27961,29252,31002,29493,30751,29393,29988,31160,31826,33747,33337,33918,32943,35265,33962,35863
E12000006,East of England,E07000098,Hertsmere,26794,25841,27957,28309,28992,29069,28710,30273,27504,28743,28984,27831,26955,28746,30220,31496,32942,34632,35774,35325,33465
E12000006,East of England,E07000099,North Hertfordshire,24441,24326,24997,26263,26968,28117,30313,31230,31153,32696,33264,33828,33302,34427,35102,36029,34796,38643,39756,38413,42810
E12000006,East of England,E07000102,Three Rivers,24873,31037,31508,27664,28293,33870,31657,32845,33538,34141,32187,34294,32215,32093,32312,32371,34391,32531,37929,33935,37361
E12000006,East of England,E07000103,Watford,24839,25443,24918,29227,29618,30987,32565,30561,31299,31700,33697,33890,32030,31985,34006,34920,30760,34329,34782,31108,33416
E12000006,East of England,E07000143,Breckland,17935,18512,18726,20053,19884,19692,20993,21082,21147,22179,23673,22696,23264,23408,24329,24050,26041,26208,26582,26941,30062
E12000006,East of England,E07000144,Broadland,19215,18869,20021,20720,21792,22026,22859,24113,24908,26445,28374,27834,26441,26531,27525,27417,29091,30717,32001,29171,31927
E12000006,East of England,E07000145,Great Yarmouth,17842,19067,19151,18617,19546,19986,22022,21569,21565,22098,23104,23266,24183,23684,24446,24415,25175,25942,28120,27294,31126
E12000006,East of England,E07000146,King's Lynn and West Norfolk,18454,19064,19145,19570,19966,21467,22440,23452,22281,23446,24317,23684,25412,25131,26405,25353,27216,27430,31123,28124,29130
E12000006,East of England,E07000147,North Norfolk,17460,18520,19923,18221,17548,19597,21433,22582,20557,22256,20439,21829,24767,23902,23266,24479,24529,25724,27213,28011,28759
E12000006,East of England,E07000148,Norwich,18396,18973,19306,20131,21593,21555,22641,23641,23798,23667,22533,23889,22388,23817,25289,25822,25247,26812,27812,29175,31559
E12000006,East of England,E07000149,South Norfolk,19600,20410,21084,22812,22083,23464,24435,25206,26823,26768,27301,26167,27149,29386,29934,27314,30903,30393,30305,31492,31410
E12000006,East of England,E07000200,Babergh,21104,21103,21782,21214,23140,22399,22979,25659,26381,28547,25870,25186,28086,27757,28473,31086,29634,31581,31799,30000,31143
E12000006,East of England,E07000202,Ipswich,17926,19493,19630,19759,22194,22356,22674,22606,23548,23198,24048,24200,25669,25995,26824,26673,26941,28353,27512,28244,29523
E12000006,East of England,E07000203,Mid Suffolk,19680,21085,21474,21947,22840,23437,24907,24999,23424,25123,23633,27075,27802,29488,26853,25948,27479,29480,30805,30000,32782
E12000006,East of England,E07000240,St Albans,:,29345,30587,33639,31585,34089,35742,36681,37565,37412,36841,38327,39461,37488,38863,39906,42600,41503,43871,45451,46551
E12000006,East of England,E07000241,Welwyn Hatfield,:,24128,24860,25403,27056,27816,29516,31369,30629,30297,28642,29239,30721,30100,31346,32453,32453,32782,34193,31918,35940
E12000006,East of England,E07000242,East Hertfordshire,:,27182,29988,30377,31300,29483,34452,35988,34653,31419,32805,31544,31935,33014,34805,35349,36006,39364,40268,38996,45355
E12000006,East of England,E07000243,Stevenage,:,22115,21961,22081,23970,26014,26366,26583,26517,28854,28141,27429,27003,28617,28831,28946,31906,28982,33705,27475,32999
E12000006,East of England,E07000244,East Suffolk,:,20825,21555,22092,23222,23938,24221,25834,24383,25752,24169,24785,26980,26996,27782,27287,27325,29687,30001,28934,31337
E12000006,East of England,E07000245,West Suffolk,:,18659,19656,20141,21578,21796,21468,22987,24614,25024,23736,23604,23663,25090,26725,28543,28558,28240,29477,29137,32018
E12000007,London,E09000001,City of London,38178,:,:,:,:,:,:,40051,:,52537,:,:,:,:,53956,:,53857,:,:,:,:
E12000007,London,E09000002,Barking and Dagenham,22854,21878,21690,22794,25197,25519,25620,28624,26498,25915,26976,28403,27173,28511,28012,30200,29313,29363,32852,32668,33454
E12000007,London,E09000003,Barnet,26415,26513,28787,29567,29061,29512,31440,33041,32674,32490,32331,32964,32138,33072,33459,37340,35645,36292,36411,35719,38345
E12000007,London,E09000004,Bexley,23757,25298,26333,27024,28001,28911,30859,31018,31262,32041,32332,32930,32362,31987,34109,33453,34857,36932,39912,37074,41694
E12000007,London,E09000005,Brent,22109,22208,24078,24516,25240,25370,28629,27687,27145,26808,28492,28026,30276,29775,29589,30347,30335,31746,34172,34130,36453
E12000007,London,E09000006,Bromley,26237,27908,29169,30873,31831,32446,34718,35353,34514,34111,35980,36209,36428,36750,37657,40184,40000,41008,43704,41427,43368
E12000007,London,E09000007,Camden,27904,30310,28357,31109,33244,35087,36764,36762,36421,35110,37230,37619,37282,39757,39810,39537,41691,42416,41848,39994,41235
E12000007,London,E09000008,Croydon,24570,25467,25321,26398,27083,27631,29415,30126,29998,30268,30514,31176,31976,32845,32523,33541,35861,35172,37570,36309,38318
E12000007,London,E09000009,Ealing,25607,24799,26213,26465,27369,28209,28991,30979,28604,30366,30477,29747,30125,28945,31237,32929,33019,31769,36482,35028,36050
E12000007,London,E09000010,Enfield,24038,23722,25858,25534,26704,27794,27950,28980,29385,29041,29668,29642,30558,30921,30843,30920,30919,32997,33088,35816,37024
E12000007,London,E09000011,Greenwich,23806,25887,25857,26341,26965,29077,29677,32365,31537,30603,30797,31469,30735,31396,32433,33145,35988,35953,36670,35590,37958
E12000007,London,E09000012,Hackney,23741,23920,24146,26674,25310,27663,30070,30003,30627,32034,30735,32215,32771,32153,32211,34816,33652,35974,37440,36241,41225
E12000007,London,E09000013,Hammersmith and Fulham,29236,29636,30733,29398,31948,33839,36128,37050,37229,35087,38066,38066,36864,37855,38009,40092,39420,42104,41267,39559,41215
E12000007,London,E09000014,Haringey,24187,25248,26606,27428,28590,29104,29943,29829,29469,30407,30149,29153,30641,30838,30754,32965,33254,35757,35653,36518,37473
E12000007,London,E09000015,Harrow,24624,24464,25929,26795,26992,29260,32268,31984,31660,31006,29833,32280,31511,32665,33400,34219,35000,35325,38347,38712,39733
E12000007,London,E09000016,Havering,24521,25689,26786,28963,28508,28988,31391,30602,30800,30193,32033,31349,31269,32062,33234,32986,34145,33892,36017,35891,36132
E12000007,London,E09000017,Hillingdon,24580,25696,27114,27452,26434,28609,28663,28956,29843,30734,31417,31174,31611,32809,33500,31618,30605,31340,35155,35882,39763
E12000007,London,E09000018,Hounslow,23994,24379,24287,26179,25600,26453,27714,28121,29053,29236,30000,30037,30099,29323,30901,31792,32162,34682,34804,32548,36330
E12000007,London,E09000019,Islington,26968,28166,28838,29997,31996,32589,32740,34026,33971,36241,38075,35446,36833,35442,36635,37972,45000,43715,46706,43236,42613
E12000007,London,E09000020,Kensington and Chelsea,36519,36681,44815,42357,44695,41011,43583,48582,46143,47492,41047,45497,45493,40249,38350,44601,43370,47027,47826,50457,40868
E12000007,London,E09000021,Kingston upon Thames,26543,27663,27170,28655,30415,32875,30852,33172,33600,34898,35791,36414,36693,36778,38034,37594,38055,38561,41255,40362,43832
E12000007,London,E09000022,Lambeth,23448,26955,25967,27392,26963,28836,29507,32352,33572,34079,32497,33525,32741,33258,33315,34266,38000,36969,42040,40572,41835
E12000007,London,E09000023,Lewisham,23589,25282,26795,26663,27259,27297,28551,29477,29876,29332,31575,32470,32120,31988,33080,34201,33514,33754,37167,35316,36923
E12000007,London,E09000024,Merton,26303,27499,27839,29321,28007,29429,31801,32672,32854,33037,33634,33149,32677,33135,34011,35708,37106,37906,41998,34299,38163
E12000007,London,E09000025,Newham,20543,21705,22360,24101,24455,24227,25521,26154,26998,26489,26679,28261,25869,27144,27773,29107,30871,31807,32909,34920,34800
E12000007,London,E09000026,Redbridge,25560,26705,25990,27751,29656,31366,32878,32803,33808,32202,32719,32311,33087,35747,33742,33201,33632,35534,36573,36986,38759
E12000007,London,E09000027,Richmond upon Thames,33732,33342,34508,35086,34867,37565,39603,38126,39133,41136,41051,38925,39884,39534,42068,40818,42338,43069,49574,43570,45448
E12000007,London,E09000028,Southwark,24943,25046,26058,27844,29632,30241,31728,33371,33347,33340,33818,34102,32978,33921,33975,35012,36159,39130,38403,38087,41611
E12000007,London,E09000029,Sutton,23846,25930,25047,27084,27234,28340,29994,29681,30575,29363,30656,31005,31200,31413,32723,32425,35758,36547,34996,36498,35569
E12000007,London,E09000030,Tower Hamlets,25283,27469,28544,28729,28622,32428,32896,33999,34364,33805,34744,35004,34461,34463,36089,37643,38108,42608,41590,40488,39868
E12000007,London,E09000031,Waltham Forest,24589,25255,25697,26164,27118,27646,28986,28368,28814,27017,29018,27897,28088,29684,30746,31419,33212,34917,36875,36181,40003
E12000007,London,E09000032,Wandsworth,30195,29736,30654,31667,32106,33253,34808,37186,38304,36606,37177,38298,39253,39557,41325,40123,41724,43449,46430,43590,47901
E12000007,London,E09000033,Westminster,28162,28478,32255,32738,33272,34979,38656,37309,45933,41815,42938,39064,40731,42833,41729,43105,44712,43990,44544,42062,44964
E12000008,South East,E06000035,Medway,21437,21499,22301,22171,24055,24766,26499,27280,27165,28155,28616,27950,29472,29239,29244,30365,30514,31382,33266,30154,33403
E12000008,South East,E06000036,Bracknell Forest,26836,25531,28218,28273,28558,29917,29014,30062,29960,30033,30193,31436,31078,31500,30968,33054,31651,35121,36700,36112,38791
E12000008,South East,E06000037,West Berkshire,24509,25113,26378,27791,29202,28375,32292,30050,30579,30000,31650,32731,30765,32001,33537,33167,32520,36320,35113,34076,35820
E12000008,South East,E06000038,Reading,23639,25306,25672,25262,24747,27280,29350,30525,29601,28354,31539,32162,31559,29177,31237,32234,33270,32812,33032,36417,36456
E12000008,South East,E06000039,Slough,20452,20135,22229,22719,23405,24577,25380,26605,26408,26780,27635,28134,27330,28384,28276,28651,31338,31990,32717,34399,35577
E12000008,South East,E06000040,Windsor and Maidenhead,28769,31054,31528,33083,34686,33632,34918,35987,34779,37451,38927,37812,37977,37178,37818,38986,39046,40797,41320,38730,39608
E12000008,South East,E06000041,Wokingham,29542,29264,28964,32112,33260,33379,35054,33753,35748,36456,36499,37035,35754,37486,38595,36867,40392,37898,38261,38927,42349
E12000008,South East,E06000042,Milton Keynes,21029,22837,24222,23527,23966,25505,26140,26117,26643,28299,28134,29937,28915,27703,29118,31436,30162,32270,33256,33967,35997
E12000008,South East,E06000043,Brighton and Hove,22355,22081,23872,23539,24317,26032,27869,27765,27693,28019,28107,28146,29059,28293,30348,30250,30061,31988,33848,32710,33889
E12000008,South East,E06000044,Portsmouth,19681,21148,20349,21813,21788,21595,22271,25081,25448,24299,24781,24560,26269,26528,25861,26655,27402,28569,27197,29215,32335
E12000008,South East,E06000045,Southampton,19159,20324,21820,21895,22042,22182,22067,22527,23416,23743,24301,24681,24907,25731,26448,27430,26472,28665,29926,30929,33109
E12000008,South East,E06000046,Isle of Wight,17457,20064,19262,21105,21604,22630,24557,23844,22297,23886,24954,24044,25830,25453,25278,26137,25489,26168,28498,27418,27904
E12000008,South East,E06000060,Buckinghamshire,26002,26001,27007,27058,27821,28556,30492,32226,31815,33045,32260,31446,31700,32343,32663,34616,35135,35340,36349,35302,38613
E12000008,South East,E07000061,Eastbourne,20966,21064,21203,22489,20433,23506,22072,23377,25598,23496,23715,24010,26945,27226,25224,26815,29498,29311,31417,28321,31041
E12000008,South East,E07000062,Hastings,16663,16590,17924,18435,19017,18152,19188,20753,21711,22410,21800,21914,23323,24388,23722,23741,23725,24672,25845,26656,28667
E12000008,South East,E07000063,Lewes,22017,22022,23021,23396,24383,23536,25960,27201,27898,27967,26691,28068,29215,28841,29479,32102,28661,32838,31443,34090,33607
E12000008,South East,E07000064,Rother,20234,20721,20414,21758,23082,24728,26050,28240,26024,25416,24625,25476,25164,25923,26702,29459,27582,29128,29154,29922,30694
E12000008,South East,E07000065,Wealden,22264,23826,23109,23529,24463,25996,27543,28609,30792,29494,30420,28271,30066,30421,30305,31226,30274,31221,34654,31024,32256
E12000008,South East,E07000084,Basingstoke and Deane,25256,23760,25869,26182,25383,27685,27831,28139,29360,29598,30646,31471,33117,31664,33485,33749,33337,36127,36588,36751,38681
E12000008,South East,E07000085,East Hampshire,26302,27628,25751,26445,28868,29924,30060,30027,30637,30191,31134,31321,28875,29509,32054,34936,35552,35756,35802,33828,35309
E12000008,South East,E07000086,Eastleigh,21048,22677,23559,24346,24713,25892,27235,29267,26885,27664,28350,29155,29783,29795,29658,30671,29959,30434,34938,34908,34516
E12000008,South East,E07000087,Fareham,22258,23715,23057,23968,25559,25428,27049,28280,27613,28659,28727,27941,30037,30202,29464,30969,31230,33952,32949,37110,37043
E12000008,South East,E07000088,Gosport,16578,18908,18936,21153,21023,22561,24993,25633,25057,23600,24101,25727,27415,27373,27129,28134,27769,28783,30127,31425,32537
E12000008,South East,E07000089,Hart,29734,31127,32747,31762,34787,34562,33247,34696,36203,37662,37668,34290,36788,36330,35303,37801,37080,37077,41311,40102,42345
E12000008,South East,E07000090,Havant,19338,19913,20340,22698,22383,23009,24007,24056,24968,25388,25636,28265,27436,27766,27340,29190,29317,29861,29854,28985,29835
E12000008,South East,E07000091,New Forest,21123,22210,23113,22046,23013,23928,24866,25891,27055,27586,28209,28839,28619,27993,29545,30545,30144,31145,33676,31942,32104
E12000008,South East,E07000092,Rushmoor,22061,24361,25623,24962,27174,26384,26335,27447,27497,27120,26840,28260,29178,28092,28797,29468,32466,32083,35237,35075,36404
E12000008,South East,E07000093,Test Valley,22709,22699,24138,25358,26290,25513,25202,27525,26864,26554,27937,28832,28694,31255,32175,34501,33371,33677,35090,33198,36939
E12000008,South East,E07000094,Winchester,26198,27460,30379,29573,29285,29956,32058,34572,32634,33826,34046,34757,31145,33357,36313,36012,39593,37664,35605,37029,35448
E12000008,South East,E07000105,Ashford,21562,21590,23111,22708,23575,22830,24981,25019,24785,26388,27286,26553,25575,27883,27751,29135,30198,31385,30198,29419,32338
E12000008,South East,E07000106,Canterbury,19670,21924,23162,25937,25050,23076,25331,26987,26172,30129,27859,30055,29871,32133,28517,32473,30640,34618,30372,30368,34374
E12000008,South East,E07000107,Dartford,23946,22627,25400,24552,25612,27740,29000,30419,29010,30050,28692,29689,30451,29143,32192,32836,34560,33816,37970,33413,38085
E12000008,South East,E07000108,Dover,19536,20244,20306,21608,21986,24094,26924,26005,27881,26347,27189,27286,27797,25969,25126,25580,28882,30977,34496,30223,33147
E12000008,South East,E07000109,Gravesham,23339,22992,23917,25373,27836,25755,26341,28323,29089,29774,28868,29033,28210,28713,29668,28945,30447,32577,29748,31197,34683
E12000008,South East,E07000110,Maidstone,21572,23734,23317,24870,25845,27234,27138,29371,29101,29744,29606,26735,28231,29845,29634,29964,29987,30746,32404,32000,34528
E12000008,South East,E07000111,Sevenoaks,23809,25012,27969,27374,28768,32499,32833,31779,32489,32694,30261,30212,32398,30728,30907,33182,31788,37470,37186,38457,34919
E12000008,South East,E07000112,Folkestone and Hythe,19077,19078,22897,22794,20958,21124,24997,24726,24393,25958,27345,27576,25710,28223,24503,27374,27247,29669,30893,31964,33959
E12000008,South East,E07000113,Swale,20986,23249,23926,23984,23581,24813,25978,26972,26791,29144,28919,27665,28701,29617,27483,29766,30872,31281,31965,31580,33973
E12000008,South East,E07000114,Thanet,17403,18037,19632,20139,20541,23574,22647,21604,21203,22016,22000,24000,22652,22695,24113,24919,24303,26381,26864,27885,29812
E12000008,South East,E07000115,Tonbridge and Malling,21970,23461,24725,24124,26729,27347,29128,30860,29711,32579,30890,30707,29700,34995,33490,33864,35113,36248,35997,36669,37668
E12000008,South East,E07000116,Tunbridge Wells,25098,24727,25835,26863,27342,27459,31228,31497,30945,33225,34269,34435,35237,35133,30000,31150,35883,37345,43112,35603,34286
E12000008,South East,E07000177,Cherwell,23002,22169,22693,23987,23989,23943,26183,28384,29737,27901,27905,27186,28013,29156,31184,31238,31744,31012,33235,34267,34517
E12000008,South East,E07000178,Oxford,19816,21643,23643,23339,25336,25291,26252,26517,26507,27900,26898,27437,29903,30510,29753,32486,33779,31558,34053,34909,36692
E12000008,South East,E07000179,South Oxfordshire,26054,27869,27927,28016,27433,30939,32540,29519,31637,32042,30388,31700,33327,31883,34257,36910,37318,38925,38600,36705,38016
E12000008,South East,E07000180,Vale of White Horse,23243,24378,25285,27087,28825,30485,31249,30277,31245,30955,31344,31598,32124,32035,33401,35030,36922,37873,37748,35447,38195
E12000008,South East,E07000181,West Oxfordshire,23842,24177,24542,24481,24643,26091,26637,28435,30037,29266,30186,29491,29960,31851,31266,31067,34370,34851,33527,31895,35282
E12000008,South East,E07000207,Elmbridge,28733,29544,33204,35040,37378,39468,38420,36279,35453,39942,39803,37632,37438,38394,37997,38230,42311,43110,41613,42190,41344
E12000008,South East,E07000208,Epsom and Ewell,24605,27353,28320,28455,28247,29242,34225,32101,32928,37866,35925,34849,34156,35112,34669,36148,36071,37624,36579,35287,41446
E12000008,South East,E07000209,Guildford,26410,28404,28614,30018,30275,29239,30995,35512,34398,33586,35368,34568,32354,34136,34883,36626,37895,38365,40435,40129,42969
E12000008,South East,E07000210,Mole Valley,28512,29370,30190,32008,31467,31468,29668,31559,36019,32138,32481,33468,32737,31023,33487,34675,31383,31897,30680,35677,32782
E12000008,South East,E07000211,Reigate and Banstead,25026,26406,27928,28874,29703,31653,34827,33895,34638,34751,36314,36460,35855,35018,32538,34095,37400,38369,39968,37680,39778
E12000008,South East,E07000212,Runnymede,24864,26482,26894,29509,29848,29046,31114,31922,33172,31927,32636,33120,31502,31743,31163,32919,31712,38899,34112,36611,38161
E12000008,South East,E07000213,Spelthorne,26267,28389,29442,30438,29964,31959,31804,31298,31729,33381,32930,34341,32925,34066,34997,35250,34741,33591,34768,38860,36978
E12000008,South East,E07000214,Surrey Heath,27682,29525,30363,32077,31478,35111,33271,33273,34972,33232,34489,36188,35339,34183,35928,38979,39847,37636,39555,42272,42858
E12000008,South East,E07000215,Tandridge,26152,28985,26113,27242,28041,30507,28892,29078,29744,28636,30651,31553,31336,31635,34021,33602,35817,36113,37609,37949,39039
E12000008,South East,E07000216,Waverley,26743,26679,27023,30465,31069,34359,34984,34080,36514,34172,36938,34404,38206,37625,40223,39139,40374,40083,41159,40699,44657
E12000008,South East,E07000217,Woking,25356,27532,26358,27377,27330,29082,29084,29355,28856,29831,32834,31524,31730,31028,35063,36134,35170,35997,40230,37265,37230
E12000008,South East,E07000223,Adur,21028,20923,20858,19791,21457,21309,21747,21292,21179,21328,23221,22633,23297,25227,24645,24527,26771,27919,30250,27685,32315
E12000008,South East,E07000224,Arun,17878,18346,21364,20529,21407,21335,24882,23304,24000,22802,23878,24951,24747,24942,26109,26535,27914,25770,28876,28778,29355
E12000008,South East,E07000225,Chichester,25882,25233,21632,23936,25499,24278,24003,26778,25148,27990,28290,26341,25678,27984,30244,30676,31356,34273,29953,30110,33743
E12000008,South East,E07000226,Crawley,20884,22641,24536,23938,26112,24622,26620,26130,26623,26447,27216,27221,27733,28374,29626,28009,28066,29388,31493,31360,32631
E12000008,South East,E07000227,Horsham,23936,25410,26000,27224,28656,30430,31549,30438,30372,32408,30529,32174,31154,32746,33430,32908,34111,34303,34266,34472,35409
E12000008,South East,E07000228,Mid Sussex,23179,23522,24819,26855,25793,27721,29335,29783,30167,29882,29876,29889,30575,31738,33088,34066,36107,35425,36721,35038,36041
E12000008,South East,E07000229,Worthing,22050,22528,22015,20626,21923,23028,25316,25318,25214,26332,25979,26610,26508,26653,28061,26460,28578,29668,29374,30120,29960
E12000009,South West,E06000022,Bath and North East Somerset,21601,22943,23118,22988,24754,24634,25651,24938,26248,25937,26864,29302,27953,28151,29888,29211,31902,32255,31098,30203,36389
E12000009,South West,E06000023,"Bristol, City of",19756,20538,21506,22064,22315,22899,23874,25147,25570,25235,25501,25910,26541,27305,27378,27924,29093,30395,32339,32257,34215
E12000009,South West,E06000024,North Somerset,21329,22559,24353,25246,26040,26726,26832,27216,27695,28700,29037,29746,29893,29486,30086,30944,30246,31067,34638,29834,33971
E12000009,South West,E06000025,South Gloucestershire,20584,21992,23628,24007,24323,24711,25714,25816,25956,26709,27474,27344,28613,29031,29739,30238,30538,31636,31965,31518,33094
E12000009,South West,E06000026,Plymouth,18365,19388,20087,20008,20852,20944,22939,23205,23624,23673,23998,24125,24493,25006,24970,26979,27685,25837,28165,25896,27554
E12000009,South West,E06000027,Torbay,15422,16642,17709,18706,19418,19310,20045,19449,19571,22055,21488,21923,22308,22380,22412,23878,24232,25912,27029,26392,28770
E12000009,South West,E06000030,Swindon,20418,21546,22504,22737,23417,25561,26604,26507,26677,26869,26912,26628,27268,28123,29248,28736,30018,30659,31912,30595,33340
E12000009,South West,E06000052,Cornwall,:,17675,18396,19003,19433,20234,21006,21533,22080,21752,22087,22234,23290,23300,24574,25008,24781,25877,27244,25595,29177
E12000009,South West,E06000053,Isles of Scilly,:,:,:,:,:,:,:,13253,:,:,:,:,:,:,:,:,:,22034,:,:,:
E12000009,South West,E06000054,Wiltshire,20568,21710,23393,23102,23630,24461,25451,26036,25459,26622,25291,26000,26854,27045,26857,29132,29286,29894,31172,30513,33294
E12000009,South West,E06000058,"Bournemouth, Christchurch and Poole",:,19608,20380,21602,21815,23438,23987,25061,24089,25563,26451,27340,27491,27273,27309,27683,29853,31086,29242,28674,31613
E12000009,South West,E06000059,Dorset,:,19547,19764,20979,22015,22638,22859,24010,23223,24252,25036,26035,25650,26792,26210,26205,27633,28942,30869,30086,31123
E12000009,South West,E07000040,East Devon,17300,18214,20456,20358,21912,21815,21813,22566,22810,23097,22836,25132,24679,25586,27754,26849,27601,29364,29456,29302,32788
E12000009,South West,E07000041,Exeter,18191,17996,19809,20165,20257,20385,21430,22290,22755,23006,22089,23714,24151,24404,27275,26202,27965,29748,30897,30183,31705
E12000009,South West,E07000042,Mid Devon,18909,18891,20458,20947,20433,20119,20120,22286,21727,22095,23124,23609,23451,24598,25618,27353,27961,27537,26961,28457,29373
E12000009,South West,E07000043,North Devon,16152,17557,17239,16456,17361,17942,18387,18279,19772,20572,21346,21019,22102,22214,22554,22608,23599,23932,24671,26118,28933
E12000009,South West,E07000044,South Hams,20496,21249,21449,23052,24674,27143,26288,27121,25545,25245,25869,24622,28259,27596,26413,27275,28182,28448,29781,31339,30594
E12000009,South West,E07000045,Teignbridge,17795,18604,18622,19570,19361,20864,24328,24297,23340,22890,24063,24028,23964,24617,24931,23401,24516,25304,25136,27384,27108
E12000009,South West,E07000046,Torridge,16695,17784,17464,17218,18341,19812,20787,20496,20098,20670,21814,21940,23723,23391,23211,24710,24136,25101,26932,26948,28900
E12000009,South West,E07000047,West Devon,18810,20529,22212,22614,22257,20565,21733,24668,21789,23149,23047,26068,25865,25177,24492,22757,26619,26346,26500,25756,28718
E12000009,South West,E07000078,Cheltenham,22571,23749,23034,24794,26140,26069,27052,28262,27273,27020,28417,29645,29045,29804,28264,29365,29861,33209,33694,34095,37928
E12000009,South West,E07000079,Cotswold,20373,21339,22917,23054,24719,25341,24545,25340,23288,24393,25566,25861,26933,27675,28660,31786,31985,31069,32213,30927,33928
E12000009,South West,E07000080,Forest of Dean,18487,19499,20499,21104,21851,25994,25141,24319,24757,26241,27293,27853,25919,26722,29039,31032,27388,30049,32397,29472,39132
E12000009,South West,E07000081,Gloucester,18870,18949,19796,20451,20570,21667,23219,25103,23039,23011,23653,24972,24560,25126,26494,26042,27203,28503,27491,27512,30273
E12000009,South West,E07000082,Stroud,19944,21764,22622,23392,24077,24138,27284,26612,25979,26351,27169,27273,27189,27319,26454,27821,28894,28308,31607,30158,33296
E12000009,South West,E07000083,Tewkesbury,22271,22248,21678,24083,24829,23636,25446,27685,26918,28901,27630,29528,26716,30696,30226,31556,28551,32222,34078,32594,31994
E12000009,South West,E07000187,Mendip,18159,20386,20428,22652,22480,23210,23262,24051,25097,26090,26030,26220,26495,25813,27379,27769,30517,29644,29458,28469,32909
E12000009,South West,E07000188,Sedgemoor,19573,19281,20174,23469,22863,23904,23380,24787,24674,21933,24025,23752,25562,25000,23390,26166,26981,27468,27702,27716,27297
E12000009,South West,E07000189,South Somerset,19783,19792,19698,20780,20243,21180,22388,23331,22559,23890,24564,25199,25443,23723,24148,26186,27406,29460,30901,30143,31525
E12000009,South West,E07000246,Somerset West and Taunton,:,18330,20917,20931,22261,22497,22587,24119,24787,24292,24263,23756,25238,26219,26288,25794,25834,29657,29072,28578,30625
W92000004,Wales,W06000001,Isle of Anglesey,16396,19022,19921,20164,20163,19695,21170,23165,22871,21079,23640,23076,23605,23568,24075,25415,25396,27101,27319,28750,32004
W92000004,Wales,W06000002,Gwynedd,15367,16000,18592,19403,20118,21011,20237,21162,21737,22262,22903,23700,23240,22645,22041,23641,24680,24593,27245,24752,28014
W92000004,Wales,W06000003,Conwy,18394,18919,19973,20402,19882,21394,22838,23557,22441,22824,22471,26160,26618,26917,25525,26418,25599,25938,30644,28624,31341
W92000004,Wales,W06000004,Denbighshire,19426,19977,20354,19202,18264,19942,20163,21559,21447,22676,21507,22134,21041,22156,23693,25157,25612,24604,26188,26780,27121
W92000004,Wales,W06000005,Flintshire,20716,21125,21863,22684,23667,22356,23465,24565,24761,24385,25259,25612,26935,27714,28602,26988,26896,27179,28399,30038,31048
W92000004,Wales,W06000006,Wrexham,19566,18722,19738,21940,21363,23238,23294,24406,23619,22385,24003,25491,25427,25938,25845,25296,27225,28953,29282,27797,31003
W92000004,Wales,W06000008,Ceredigion,16658,18167,17258,19066,19342,18331,19313,21387,21181,21951,21354,22822,21698,21937,23074,23120,24772,25455,26223,27919,29165
W92000004,Wales,W06000009,Pembrokeshire,15261,16907,17531,18868,18707,20971,23572,22987,23786,23671,21911,23208,23141,23220,23184,24210,24992,24134,27934,29562,31171
W92000004,Wales,W06000010,Carmarthenshire,17785,18823,17156,18834,18823,20558,21464,22118,22276,22507,23712,25045,26015,24354,24551,26641,26098,27133,29356,29795,32337
W92000004,Wales,W06000011,Swansea,18660,18615,20519,21064,21318,21522,22389,23487,24262,25214,24973,24507,25826,24900,25394,26211,28273,28121,27905,28840,30262
W92000004,Wales,W06000012,Neath Port Talbot,18651,20660,20836,21045,22540,22038,22679,23158,25127,22732,23788,23246,24025,25858,24227,25055,25665,28011,27544,30620,31403
W92000004,Wales,W06000013,Bridgend,18450,19114,21109,22198,20532,22037,23048,21675,23669,23691,23734,24479,25914,26181,26094,27353,28715,28190,28838,29673,32376
W92000004,Wales,W06000014,Vale of Glamorgan,19563,20646,23634,23757,24786,23589,24247,27348,27698,26900,26221,28323,27341,27790,32184,31674,30063,31874,30016,29618,31313
W92000004,Wales,W06000015,Cardiff,19570,19965,21529,23131,22426,22999,23708,24901,25472,25183,26169,26514,26427,26679,27521,27910,29404,30468,28785,29277,31940
W92000004,Wales,W06000016,Rhondda Cynon Taf,17853,17904,19091,19008,20293,20169,21272,22176,22121,23233,23543,24184,24457,25003,25403,26189,25994,26512,27841,27805,29727
W92000004,Wales,W06000018,Caerphilly,17499,18094,18351,19607,19913,21409,21269,21564,21486,22810,22752,23710,23902,24539,24449,24967,26056,27341,28309,29273,29354
W92000004,Wales,W06000019,Blaenau Gwent,14859,16222,17319,16876,17738,18621,18194,18241,19262,19627,20652,21100,21084,23015,22953,25998,24967,23549,26204,27756,28040
W92000004,Wales,W06000020,Torfaen,18633,19156,20656,22981,22953,23811,21556,22145,23612,23715,23456,22780,25132,25034,25220,27751,27480,27811,29124,26550,30682
W92000004,Wales,W06000021,Monmouthshire,20619,22869,22614,24253,23999,26614,27999,29034,26554,28539,29137,28343,30037,30978,31846,31433,33116,34875,34414,34075,36952
W92000004,Wales,W06000022,Newport,19673,20846,21410,22605,22212,22541,21556,23340,23586,23615,23847,23839,24888,25514,25394,26230,27561,28793,29535,28924,31486
W92000004,Wales,W06000023,Powys,17521,19001,18594,19677,19979,20883,21736,21165,22462,22937,20825,21486,22369,24526,25137,25004,26115,26946,28336,27368,28590
W92000004,Wales,W06000024,Merthyr Tydfil,15737,16467,17717,18708,19212,18651,20013,20485,20664,21450,22046,21533,21859,22080,22626,24183,23702,25444,25916,27163,27514
